{
  "exampleId": "james-marit",
  "previewDepth": 13,
  "colorScheme": "grayscale",
  "renderMode": "points",
  "generators": [
    [
      [
        0.5835921350012617,
        0.5835921350012617,
        0.14589803375031543,
        0
      ],
      [
        0.29179606750063086,
        0.4376941012509463,
        0.14589803375031543,
        0
      ],
      [
        0.14589803375031543,
        0.29179606750063086,
        0.14589803375031543,
        0
      ],
      [
        9.267785322055445,
        9.03189587143354,
        -8.12275387597417,
        1
      ]
    ],
    [
      [
        4,
        -4,
        1,
        0
      ],
      [
        -2,
        3,
        -1,
        0
      ],
      [
        1,
        -2,
        1,
        0
      ],
      [
        -9.686355121562546,
        -6.7408851937854255,
        -3.082291830019591,
        1
      ]
    ]
  ],
  "gamma": [
    2
  ],
  "gammaName": "B",
  "powerIter": 200,
  "involutions": false,
  "params": {
    "repMode": "modular-torus",
    "x": 3,
    "y": 3,
    "s": 1,
    "alphas": [
      -15.255,
      -1.455,
      -12.14
    ]
  },
  "projection": {
    "denom": [
      50,
      0,
      50,
      1
    ],
    "rowX": [
      150,
      0,
      -150,
      0
    ],
    "rowY": [
      0,
      300,
      0,
      0
    ],
    "rowZ": [
      150,
      0,
      150,
      0
    ],
    "label": "fabi"
  },
  "camera": {
    "position": [
      1.8178026232471816,
      1.8114153895130582,
      7.530862458882439
    ],
    "target": [
      0.005457639694213868,
      -0.0009295940399169923,
      3.0000000000000004
    ],
    "up": [
      0,
      1,
      0
    ],
    "fov": 75,
    "aspect": 2.0410396716826265,
    "near": 0.1,
    "far": 1000
  },
  "viewport": {
    "width": 1492,
    "height": 731
  }
}