{
  "exampleId": "james-marit-new",
  "previewDepth": 8,
  "colorScheme": "grayscale",
  "renderMode": "points",
  "generators": [
    [
      [
        1.0000000000000002,
        0,
        0,
        0
      ],
      [
        0,
        0.17157287525380993,
        0,
        0
      ],
      [
        0,
        0,
        0.029437251522859385,
        0
      ],
      [
        21.983512821372162,
        -11.317190990293662,
        10.026337151507638,
        1
      ]
    ],
    [
      [
        2,
        1.4142135623730951,
        1,
        0
      ],
      [
        2.8284271247461903,
        3,
        2.8284271247461903,
        0
      ],
      [
        1,
        1.4142135623730951,
        2,
        0
      ],
      [
        -50,
        -27.32211597673356,
        -2.9322510736520855e-13,
        1
      ]
    ]
  ],
  "gamma": [
    2
  ],
  "gammaName": "B",
  "powerIter": 200,
  "involutions": false,
  "params": {
    "s": 1,
    "alphas": [
      -8.455,
      -50,
      -37.241
    ]
  },
  "projection": {
    "denom": [
      48.56,
      0,
      48.56,
      1
    ],
    "rowX": [
      150,
      0,
      -150,
      0
    ],
    "rowY": [
      0,
      300,
      0,
      0
    ],
    "rowZ": [
      150,
      0,
      150,
      0
    ],
    "label": "fabi"
  },
  "camera": {
    "position": [
      10.364426813918996,
      8.108391967866767,
      -9.605670646049724
    ],
    "target": [
      1.6162047591791726,
      1.5970946731358122,
      4.795750920525589
    ],
    "up": [
      0,
      1,
      0
    ],
    "fov": 75,
    "aspect": 1.9303225806451614,
    "near": 0.1,
    "far": 1000
  },
  "viewport": {
    "width": 1496,
    "height": 775
  }
}