{
  "exampleId": "pair1",
  "previewDepth": 11,
  "colorScheme": "grayscale",
  "projection": {
    "denom": [
      50,
      0,
      50,
      1
    ],
    "rowX": [
      150,
      0,
      -150,
      0
    ],
    "rowY": [
      0,
      300,
      0,
      0
    ],
    "rowZ": [
      150,
      0,
      150,
      0
    ],
    "label": "fabi"
  },
  "camera": {
    "position": [
      4.225587310786933,
      -6.735747767479334,
      3.0629978329234233
    ],
    "target": [
      -0.1390029164064052,
      -0.0035525460420062736,
      3.0155780844455915
    ],
    "up": [
      0,
      1,
      0
    ],
    "fov": 10.5,
    "aspect": 2.0460081190798376,
    "near": 0.1,
    "far": 1000
  },
  "viewport": {
    "width": 1512,
    "height": 739
  }
}