{
  "exampleId": "A17",
  "previewDepth": 12,
  "colorScheme": "grayscale",
  "projection": {
    "denom": [
      1,
      0,
      0,
      0,
      0,
      0
    ],
    "rowX": [
      6.443051623306501,
      0.2745052712020504,
      -0.41833419266332766,
      0.7158668069406179,
      -0.4088202622407351,
      0.264658397246474
    ],
    "rowY": [
      -1.3498698374211047,
      0.6246485438121165,
      0.3560947953158124,
      0.08311686367430737,
      0.5049832783628769,
      0.47020651740402236
    ],
    "rowZ": [
      -1.867579794048324,
      -0.4082251878255678,
      0.5625151084924946,
      0.026532979286816905,
      -0.4312003950839401,
      0.5747096388891315
    ],
    "label": "v1-pca"
  },
  "camera": {
    "position": [
      -8.88101713823401,
      1.8322785996404143,
      0.17891226631634743
    ],
    "target": [
      -4.766560153526065,
      -0.04345360998355712,
      -0.2101519986522128
    ],
    "up": [
      0,
      1,
      0
    ],
    "fov": 75,
    "aspect": 1.943444730077121,
    "near": 0.1,
    "far": 1000
  },
  "viewport": {
    "width": 1512,
    "height": 778
  }
}