{
  "basis": "u",
  "clip": false,
  "copies": "off",
  "depth": 12,
  "projection": {
    "denom": [
      1,
      0,
      0,
      0,
      0,
      0
    ],
    "rowX": [
      0,
      1,
      0,
      0,
      0,
      0
    ],
    "rowY": [
      0,
      0,
      0,
      1,
      0,
      0
    ],
    "rowZ": [
      0,
      0,
      0,
      0,
      0,
      1
    ],
    "label": "cone-135"
  },
  "camera": {
    "position": [
      -0.2276262324526154,
      5.304678114267127,
      1.4793171245909034
    ],
    "target": [
      -0.2276314795017243,
      -0.004330147057771683,
      1.4793179333209991
    ],
    "up": [
      0,
      1,
      0
    ],
    "fov": 75,
    "aspect": 1.5667963683527886,
    "near": 0.1,
    "far": 1000
  },
  "viewport": {
    "width": 1208,
    "height": 771
  }
}